#,Address,Source,Scoreboard Dependencies,Live Registers,Warp Stall Sampling (All Samples),Instruction Category,Instructions Executed,Avg. Predicated-On Threads Executed,Address Space,Access Operation,Access Size,L1 Wavefronts Shared Excessive,L2 Theoretical Sectors Global Excessive,Register Dependencies,Predicate Dependencies,Uniform Register Dependencies,Uniform Predicate Dependencies
,,gemv_nvfp4_kernel
1,00007ffc c55eb400,"      LDC R1, c[0x0][0x37c]",0,2,18,Load/Store,32768,32,,,,,,,,,
2,00007ffc c55eb410,"      S2UR UR9, SR_CTAID.Y",0,2,1,Uniform Datapath,32768,32,,,,,,,,,
3,00007ffc c55eb420,"      LDC R0, c[0x0][0x3b0]",0,3,3,Load/Store,32768,32,,,,,,,,,
4,00007ffc c55eb430,"      S2UR UR8, SR_CTAID.X",0,3,2,Uniform Datapath,32768,32,,,,,,,,,
5,00007ffc c55eb440,"      LDC R9, c[0x0][0x3a8]",0,4,4,Load/Store,32768,32,,,,,,,,,
6,00007ffc c55eb450,"      ISETP.LE.AND P0, PT, R0, UR9, PT",0,4,48,Integer,32768,32,,,,,,,,,
7,00007ffc c55eb460,"      ISETP.LE.OR P0, PT, R9, UR8, P0",0,3,21,Integer,32768,32,,,,,,,,,
8,00007ffc c55eb470,@P0   EXIT,0,3,4,Control,32768,,,,,,,,,,
9,00007ffc c55eb480,"      LDCU UR6, c[0x0][0x3ac]",0,3,2,Uniform Datapath,32768,32,,,,,,,,,
10,00007ffc c55eb490,"      S2R R8, SR_TID.X",0,4,,Miscellaneous,32768,32,,,,,,,,,
11,00007ffc c55eb4a0,"      LDC R18, c[0x0][0x3b4]",0,5,2,Load/Store,32768,32,,,,,,,,,
12,00007ffc c55eb4b0,"      BSSY.RECONVERGENT B0, 0x7ffcc55eca20",0,5,,Control,32768,32,,,,,,,,,
13,00007ffc c55eb4c0,"      LDCU.64 UR12, c[0x0][0x358]",0,5,,Uniform Datapath,32768,32,,,,,,,,,
14,00007ffc c55eb4d0,"      IMAD.U32 R16, RZ, RZ, UR8",0,6,1,Integer,32768,32,,,,,,,,,
15,00007ffc c55eb4e0,"      IMAD.MOV.U32 R7, RZ, RZ, RZ",0,7,1,Integer,32768,32,,,,,,,,,
16,00007ffc c55eb4f0,"      LDCU.128 UR20, c[0x0][0x390]",0,7,2,Uniform Datapath,32768,32,,,,,,,,,
17,00007ffc c55eb500,"      IMAD.MOV.U32 R17, RZ, RZ, RZ",0,8,1,Integer,32768,32,,,,,,,,,
18,00007ffc c55eb510,"      USHF.R.S32.HI UR4, URZ, 0x1f, UR6",0,8,4,Uniform Datapath,32768,32,,,,,,,,,
19,00007ffc c55eb520,"      ULEA.HI UR5, UR6, UR6, URZ, 0x1",0,8,2,Uniform Datapath,32768,32,,,,,,,,,
20,00007ffc c55eb530,"      ULEA.HI UR4, UR4, UR6, URZ, 0x4",0,8,,Uniform Datapath,32768,32,,,,,,,,,
21,00007ffc c55eb540,"      USHF.R.S32.HI UR5, URZ, 0x1, UR5",0,8,,Uniform Datapath,32768,32,,,,,,,,,
22,00007ffc c55eb550,"      USHF.R.S32.HI UR4, URZ, 0x4, UR4",0,8,1,Uniform Datapath,32768,32,,,,,,,,,
23,00007ffc c55eb560,"      SHF.R.S32.HI R0, RZ, 0x1f, R18",0,9,1,Integer,32768,32,,,,,,,,,
24,00007ffc c55eb570,"      USHF.R.S32.HI UR10, URZ, 0x1f, UR5",0,9,,Uniform Datapath,32768,32,,,,,,,,,
25,00007ffc c55eb580,"      USHF.R.S32.HI UR6, URZ, 0x1f, UR4",0,9,,Uniform Datapath,32768,32,,,,,,,,,
26,00007ffc c55eb590,"      UIMAD.WIDE.U32 UR14, UR5, UR9, URZ",0,9,3,Uniform Datapath,32768,32,,,,,,,,,
27,00007ffc c55eb5a0,"      ISETP.GE.AND P0, PT, R8, UR4, PT",0,9,,Integer,32768,32,,,,,,,,,
28,00007ffc c55eb5b0,"      UIMAD UR7, UR10, UR9, URZ",0,9,1,Uniform Datapath,32768,32,,,,,,,,,
29,00007ffc c55eb5c0,"      UIMAD.WIDE.U32 UR16, UR4, UR9, URZ",0,9,,Uniform Datapath,32768,32,,,,,,,,,
30,00007ffc c55eb5d0,"      UIMAD UR6, UR6, UR9, URZ",0,9,,Uniform Datapath,32768,32,,,,,,,,,
31,00007ffc c55eb5e0,"      IMAD.WIDE.U32 R20, R18, UR14, RZ",0,11,,Integer,32768,32,,,,,,,,,
32,00007ffc c55eb5f0,"      UIADD3 UR7, UPT, UPT, UR15, UR7, URZ",0,11,,Uniform Datapath,32768,32,,,,,,,,,
33,00007ffc c55eb600,"      UIADD3 UR6, UPT, UPT, UR17, UR6, URZ",0,11,2,Uniform Datapath,32768,32,,,,,,,,,
34,00007ffc c55eb610,"      IMAD R3, R18, UR7, RZ",0,12,2,Integer,32768,32,,,,,,,,,
35,00007ffc c55eb620,"      IMAD R5, R18, UR6, RZ",0,13,2,Integer,32768,32,,,,,,,,,
36,00007ffc c55eb630,"      IMAD R3, R0, UR14, R3",0,13,,Integer,32768,32,,,,,,,,,
37,00007ffc c55eb640,"      IMAD R5, R0, UR16, R5",0,13,,Integer,32768,32,,,,,,,,,
38,00007ffc c55eb650,"      IMAD.WIDE.U32 R18, R18, UR16, RZ",0,13,,Integer,32768,32,,,,,,,,,
39,00007ffc c55eb660,@P0   BRA 0x7ffcc55eca10,0,13,1,Control,32768,,,,,,,,,,
40,00007ffc c55eb670,"      IMAD.WIDE.U32 R16, R9, UR9, R16",0,12,,Integer,32768,32,,,,,,,,,
41,00007ffc c55eb680,"      IMAD R7, R17, UR5, RZ",0,12,4,Integer,32768,32,,,,,,,,,
42,00007ffc c55eb690,"      IMAD.WIDE.U32 R14, R16, UR5, RZ",0,14,,Integer,32768,32,,,,,,,,,
43,00007ffc c55eb6a0,"      IMAD R9, R16, UR10, R7",0,15,5,Integer,32768,32,,,,,,,,,
44,00007ffc c55eb6b0,"      IMAD.IADD R26, R21, 0x1, R3",0,15,2,Integer,32768,32,,,,,,,,,
45,00007ffc c55eb6c0,"      IMAD.IADD R5, R19, 0x1, R5",0,13,1,Integer,32768,32,,,,,,,,,
46,00007ffc c55eb6d0,"      IMAD.MOV.U32 R7, RZ, RZ, RZ",0,13,,Integer,32768,32,,,,,,,,,
47,00007ffc c55eb6e0,"      IMAD.IADD R6, R15, 0x1, R9",0,14,,Integer,32768,32,,,,,,,,,
48,00007ffc c55eb6f0,"      LDC R4, c[0x0][0x3ac]",0,13,25,Load/Store,458752,32,,,,,,,,,
49,00007ffc c55eb700,"      IMAD.SHL.U32 R3, R8, 0x10, RZ",0,14,7,Integer,458752,32,,,,,,,,,
50,00007ffc c55eb710,"      USHF.R.S32.HI UR6, URZ, 0x1f, UR4",0,14,2,Uniform Datapath,458752,32,,,,,,,,,
51,00007ffc c55eb720,"      IMAD.MOV.U32 R9, RZ, RZ, RZ",0,15,7,Integer,458752,32,,,,,,,,,
52,00007ffc c55eb730,"      IADD3 R28, P2, P3, R18, UR22, R8",0,16,5,Integer,458752,32,,,,,,,,,
53,00007ffc c55eb740,"      IMAD R13, R17, UR4, RZ",0,17,4,Integer,458752,32,,,,,,,,,
54,00007ffc c55eb750,"      BSSY.RECONVERGENT B1, 0x7ffcc55ec9e0",0,17,5,Control,458752,32,,,,,,,,,
55,00007ffc c55eb760,"      IMAD.WIDE.U32 R10, R16, UR4, R8",0,19,5,Integer,458752,32,,,,,,,,,
56,00007ffc c55eb770,"      IADD3.X R29, PT, PT, R5, UR23, RZ, P2, P3",0,19,3,Integer,458752,32,,,,,,,,,
57,00007ffc c55eb780,"      IMAD R13, R16, UR6, R13",0,19,21,Integer,458752,32,,,,,,,,,
58,00007ffc c55eb790,"      IADD3 R10, P1, PT, R10, UR20, RZ",0,19,3,Integer,458752,32,,,,,,,,,
59,00007ffc c55eb7a0,"      IADD3.X R11, PT, PT, R11, UR21, R13, P1, !PT",0,19,84,Integer,458752,32,,,,,,,,,
60,00007ffc c55eb7b0,"      ISETP.GE.AND P0, PT, R3, R4, PT",0,18,18,Integer,458752,32,,,,,,,,,
61,00007ffc c55eb7c0,@P0   BRA 0x7ffcc55ec9d0,0,18,61,Control,458752,,,,,,,,,,
62,00007ffc c55eb7d0,"      LDG.E.U8.CONSTANT R2, desc[UR12][R10.64]",0,18,29,Load/Store,458752,32,Global,Load,8,,,,,,
63,00007ffc c55eb7e0,"      LDC.64 R12, c[0x0][0x380]",0,18,4,Load/Store,458752,32,,,,,,,,,
64,00007ffc c55eb7f0,"      LDG.E.U8.CONSTANT R0, desc[UR12][R28.64]",0,19,15,Load/Store,458752,32,Global,Load,8,,,,,,
65,00007ffc c55eb800,"      SHF.R.U32.HI R23, RZ, 0x1, R3",0,18,4,Integer,458752,32,,,,,,,,,
66,00007ffc c55eb810,"      LDC.64 R10, c[0x0][0x388]",0,20,27,Load/Store,458752,32,,,,,,,,,
67,00007ffc c55eb820,"      IADD3 R24, P0, P1, R14, R12, R23",0,21,104,Integer,458752,32,,,,,,,,,
68,00007ffc c55eb830,"      IADD3.X R25, PT, PT, R6, R13, RZ, P0, P1",0,22,52,Integer,458752,32,,,,,,,,,
69,00007ffc c55eb840,"      IADD3 R22, P2, P3, R20, R10, R23",0,23,27,Integer,458752,32,,,,,,,,,
70,00007ffc c55eb850,"      LDG.E.U8.CONSTANT R9, desc[UR12][R24.64]",0,23,16,Load/Store,458752,32,Global,Load,8,,3211264,,,,
71,00007ffc c55eb860,"      IADD3.X R23, PT, PT, R26, R11, RZ, P2, P3",0,24,5,Integer,458752,32,,,,,,,,,
72,00007ffc c55eb870,"      LDG.E.U8.CONSTANT R27, desc[UR12][R22.64]",0,25,19,Load/Store,458752,32,Global,Load,8,,3211264,,,,
73,00007ffc c55eb880,"      F2FP.F16.E4M3.UNPACK_B R2, R2",0,25,1459,Other,458752,32,,,,,,,,,
74,00007ffc c55eb890,"      F2FP.F16.E4M3.UNPACK_B R0, R0",0,25,11,Other,458752,32,,,,,,,,,
75,00007ffc c55eb8a0,"      HADD2.F32 R2, -RZ, R2.H0_H0",0,25,13,Floating Point,458752,32,,,,,,,,,
76,00007ffc c55eb8b0,"      HADD2.F32 R0, -RZ, R0.H0_H0",0,25,8,Floating Point,458752,32,,,,,,,,,
77,00007ffc c55eb8c0,"      LOP3.LUT R9, R9, 0xf, RZ, 0xc0, !PT",0,25,1081,Integer,458752,32,,,,,,,,,
78,00007ffc c55eb8d0,"      LOP3.LUT R28, R27, 0xf, RZ, 0xc0, !PT",0,26,22,Integer,458752,32,,,,,,,,,
79,00007ffc c55eb8e0,"      F2FP.F16.E2M1.UNPACK_B R27, R9",0,26,9,Other,458752,32,,,,,,,,,
80,00007ffc c55eb8f0,"      F2FP.F16.E2M1.UNPACK_B R9, R28",0,26,5,Other,458752,32,,,,,,,,,
81,00007ffc c55eb900,"      HADD2.F32 R27, -RZ, R27.H0_H0",0,25,13,Floating Point,458752,32,,,,,,,,,
82,00007ffc c55eb910,"      HADD2.F32 R9, -RZ, R9.H0_H0",0,25,11,Floating Point,458752,32,,,,,,,,,
83,00007ffc c55eb920,"      FMUL.FTZ R28, R2, R27",0,26,17,Floating Point,458752,32,,,,,,,,,
84,00007ffc c55eb930,"      FMUL.FTZ R9, R0, R9",0,25,8,Floating Point,458752,32,,,,,,,,,
85,00007ffc c55eb940,"      FFMA.FTZ R7, R28, R9, R7",0,25,23,Floating Point,458752,32,,,,,,,,,
86,00007ffc c55eb950,"      VIADD R9, R3, 0x1",0,24,5,Integer,458752,32,,,,,,,,,
87,00007ffc c55eb960,"      ISETP.GE.AND P0, PT, R9, R4, PT",0,24,79,Integer,458752,32,,,,,,,,,
88,00007ffc c55eb970,@P0   BRA 0x7ffcc55ec9d0,0,24,75,Control,458752,,,,,,,,,,
89,00007ffc c55eb980,"      SHF.R.U32.HI R9, RZ, 0x1, R9",0,24,16,Integer,458752,32,,,,,,,,,
90,00007ffc c55eb990,"      IADD3 R28, P0, P1, R14, R12, R9",0,25,74,Integer,458752,32,,,,,,,,,
91,00007ffc c55eb9a0,"      IADD3.X R29, PT, PT, R6, R13, RZ, P0, P1",0,26,53,Integer,458752,32,,,,,,,,,
92,00007ffc c55eb9b0,"      LDG.E.U8.CONSTANT R28, desc[UR12][R28.64]",0,26,15,Load/Store,458752,32,Global,Load,8,,3211264,,,,
93,00007ffc c55eb9c0,"      SHF.R.U32.HI R27, RZ, 0x4, R28",0,26,146,Integer,458752,32,,,,,,,,,
94,00007ffc c55eb9d0,"      IADD3 R28, P0, P1, R20, R10, R9",0,26,11,Integer,458752,32,,,,,,,,,
95,00007ffc c55eb9e0,"      F2FP.F16.E2M1.UNPACK_B R9, R27",0,26,9,Other,458752,32,,,,,,,,,
96,00007ffc c55eb9f0,"      IADD3.X R29, PT, PT, R26, R11, RZ, P0, P1",0,26,9,Integer,458752,32,,,,,,,,,
97,00007ffc c55eba00,"      LDG.E.U8.CONSTANT R27, desc[UR12][R28.64]",0,27,23,Load/Store,458752,32,Global,Load,8,,3211264,,,,
98,00007ffc c55eba10,"      HADD2.F32 R9, -RZ, R9.H0_H0",0,25,2,Floating Point,458752,32,,,,,,,,,
99,00007ffc c55eba20,"      FMUL.FTZ R9, R2, R9",0,25,24,Floating Point,458752,32,,,,,,,,,
100,00007ffc c55eba30,"      SHF.R.U32.HI R27, RZ, 0x4, R27",0,25,146,Integer,458752,32,,,,,,,,,
101,00007ffc c55eba40,"      F2FP.F16.E2M1.UNPACK_B R27, R27",0,25,49,Other,458752,32,,,,,,,,,
102,00007ffc c55eba50,"      HADD2.F32 R27, -RZ, R27.H0_H0",0,25,33,Floating Point,458752,32,,,,,,,,,
103,00007ffc c55eba60,"      FMUL.FTZ R27, R0, R27",0,25,19,Floating Point,458752,32,,,,,,,,,
104,00007ffc c55eba70,"      FFMA.FTZ R7, R9, R27, R7",0,25,18,Floating Point,458752,32,,,,,,,,,
105,00007ffc c55eba80,"      VIADD R9, R3, 0x2",0,24,7,Integer,458752,32,,,,,,,,,
106,00007ffc c55eba90,"      ISETP.GE.AND P0, PT, R9, R4, PT",0,24,81,Integer,458752,32,,,,,,,,,
107,00007ffc c55ebaa0,@P0   BRA 0x7ffcc55ec9d0,0,23,72,Control,458752,,,,,,,,,,
108,00007ffc c55ebab0,"      LDG.E.U8.CONSTANT R24, desc[UR12][R24.64+0x1]",0,23,24,Load/Store,458752,32,Global,Load,8,,3211264,,,,
109,00007ffc c55ebac0,"      LDG.E.U8.CONSTANT R22, desc[UR12][R22.64+0x1]",0,22,19,Load/Store,458752,32,Global,Load,8,,3211264,,,,
110,00007ffc c55ebad0,"      VIADD R29, R3, 0x3",0,22,2,Integer,458752,32,,,,,,,,,
111,00007ffc c55ebae0,"      ISETP.GE.AND P0, PT, R29, R4, PT",0,22,69,Integer,458752,32,,,,,,,,,
112,00007ffc c55ebaf0,"      LOP3.LUT R9, R24, 0xf, RZ, 0xc0, !PT",0,23,110,Integer,458752,32,,,,,,,,,
113,00007ffc c55ebb00,"      LOP3.LUT R27, R22, 0xf, RZ, 0xc0, !PT",0,23,24,Integer,458752,32,,,,,,,,,
114,00007ffc c55ebb10,"      F2FP.F16.E2M1.UNPACK_B R9, R9",0,22,4,Other,458752,32,,,,,,,,,
115,00007ffc c55ebb20,"      F2FP.F16.E2M1.UNPACK_B R27, R27",0,22,10,Other,458752,32,,,,,,,,,
116,00007ffc c55ebb30,"      HADD2.F32 R9, -RZ, R9.H0_H0",0,22,17,Floating Point,458752,32,,,,,,,,,
117,00007ffc c55ebb40,"      HADD2.F32 R27, -RZ, R27.H0_H0",0,22,7,Floating Point,458752,32,,,,,,,,,
118,00007ffc c55ebb50,"      FMUL.FTZ R28, R2, R9",0,23,17,Floating Point,458752,32,,,,,,,,,
119,00007ffc c55ebb60,"      FMUL.FTZ R27, R0, R27",0,22,10,Floating Point,458752,32,,,,,,,,,
120,00007ffc c55ebb70,"      FFMA.FTZ R7, R28, R27, R7",0,22,22,Floating Point,458752,32,,,,,,,,,
121,00007ffc c55ebb80,@P0   BRA 0x7ffcc55ec9d0,0,20,3,Control,458752,,,,,,,,,,
122,00007ffc c55ebb90,"      SHF.R.U32.HI R23, RZ, 0x1, R29",0,21,42,Integer,458752,32,,,,,,,,,
123,00007ffc c55ebba0,"      IADD3 R24, P0, P1, R14, R12, R23",0,21,57,Integer,458752,32,,,,,,,,,
124,00007ffc c55ebbb0,"      IADD3 R22, P2, P3, R20, R10, R23",0,22,7,Integer,458752,32,,,,,,,,,
125,00007ffc c55ebbc0,"      IADD3.X R25, PT, PT, R6, R13, RZ, P0, P1",0,22,10,Integer,458752,32,,,,,,,,,
126,00007ffc c55ebbd0,"      IADD3.X R23, PT, PT, R26, R11, RZ, P2, P3",0,23,10,Integer,458752,32,,,,,,,,,
127,00007ffc c55ebbe0,"      LDG.E.U8.CONSTANT R24, desc[UR12][R24.64]",0,23,14,Load/Store,458752,32,Global,Load,8,,3211264,,,,
128,00007ffc c55ebbf0,"      LDG.E.U8.CONSTANT R22, desc[UR12][R22.64]",0,22,16,Load/Store,458752,32,Global,Load,8,,3211264,,,,
129,00007ffc c55ebc00,"      VIADD R29, R3, 0x4",0,22,6,Integer,458752,32,,,,,,,,,
130,00007ffc c55ebc10,"      ISETP.GE.AND P0, PT, R29, R4, PT",0,22,68,Integer,458752,32,,,,,,,,,
131,00007ffc c55ebc20,"      SHF.R.U32.HI R9, RZ, 0x4, R24",0,23,83,Integer,458752,32,,,,,,,,,
132,00007ffc c55ebc30,"      SHF.R.U32.HI R27, RZ, 0x4, R22",0,23,21,Integer,458752,32,,,,,,,,,
133,00007ffc c55ebc40,"      F2FP.F16.E2M1.UNPACK_B R9, R9",0,22,13,Other,458752,32,,,,,,,,,
134,00007ffc c55ebc50,"      F2FP.F16.E2M1.UNPACK_B R27, R27",0,22,8,Other,458752,32,,,,,,,,,
135,00007ffc c55ebc60,"      HADD2.F32 R9, -RZ, R9.H0_H0",0,22,11,Floating Point,458752,32,,,,,,,,,
136,00007ffc c55ebc70,"      HADD2.F32 R27, -RZ, R27.H0_H0",0,22,10,Floating Point,458752,32,,,,,,,,,
137,00007ffc c55ebc80,"      FMUL.FTZ R28, R2, R9",0,23,17,Floating Point,458752,32,,,,,,,,,
138,00007ffc c55ebc90,"      FMUL.FTZ R27, R0, R27",0,22,7,Floating Point,458752,32,,,,,,,,,
139,00007ffc c55ebca0,"      FFMA.FTZ R7, R28, R27, R7",0,22,31,Floating Point,458752,32,,,,,,,,,
140,00007ffc c55ebcb0,@P0   BRA 0x7ffcc55ec9d0,0,20,3,Control,458752,,,,,,,,,,
141,00007ffc c55ebcc0,"      SHF.R.U32.HI R23, RZ, 0x1, R29",0,21,47,Integer,458752,32,,,,,,,,,
142,00007ffc c55ebcd0,"      IADD3 R24, P0, P1, R14, R12, R23",0,21,64,Integer,458752,32,,,,,,,,,
143,00007ffc c55ebce0,"      IADD3.X R25, PT, PT, R6, R13, RZ, P0, P1",0,22,43,Integer,458752,32,,,,,,,,,
144,00007ffc c55ebcf0,"      IADD3 R22, P0, P1, R20, R10, R23",0,23,11,Integer,458752,32,,,,,,,,,
145,00007ffc c55ebd00,"      LDG.E.U8.CONSTANT R9, desc[UR12][R24.64]",0,23,19,Load/Store,458752,32,Global,Load,8,,3211264,,,,
146,00007ffc c55ebd10,"      IADD3.X R23, PT, PT, R26, R11, RZ, P0, P1",0,24,5,Integer,458752,32,,,,,,,,,
147,00007ffc c55ebd20,"      LDG.E.U8.CONSTANT R27, desc[UR12][R22.64]",0,25,22,Load/Store,458752,32,Global,Load,8,,3211264,,,,
148,00007ffc c55ebd30,"      LOP3.LUT R9, R9, 0xf, RZ, 0xc0, !PT",0,25,142,Integer,458752,32,,,,,,,,,
149,00007ffc c55ebd40,"      F2FP.F16.E2M1.UNPACK_B R9, R9",0,25,48,Other,458752,32,,,,,,,,,
150,00007ffc c55ebd50,"      HADD2.F32 R9, -RZ, R9.H0_H0",0,25,29,Floating Point,458752,32,,,,,,,,,
151,00007ffc c55ebd60,"      LOP3.LUT R27, R27, 0xf, RZ, 0xc0, !PT",0,25,3,Integer,458752,32,,,,,,,,,
152,00007ffc c55ebd70,"      FMUL.FTZ R28, R2, R9",0,26,25,Floating Point,458752,32,,,,,,,,,
153,00007ffc c55ebd80,"      VIADD R9, R3, 0x5",0,26,11,Integer,458752,32,,,,,,,,,
154,00007ffc c55ebd90,"      F2FP.F16.E2M1.UNPACK_B R27, R27",0,26,2,Other,458752,32,,,,,,,,,
155,00007ffc c55ebda0,"      ISETP.GE.AND P0, PT, R9, R4, PT",0,26,78,Integer,458752,32,,,,,,,,,
156,00007ffc c55ebdb0,"      HADD2.F32 R27, -RZ, R27.H0_H0",0,26,5,Floating Point,458752,32,,,,,,,,,
157,00007ffc c55ebdc0,"      FMUL.FTZ R27, R0, R27",0,26,21,Floating Point,458752,32,,,,,,,,,
158,00007ffc c55ebdd0,"      FFMA.FTZ R7, R28, R27, R7",0,26,28,Floating Point,458752,32,,,,,,,,,
159,00007ffc c55ebde0,@P0   BRA 0x7ffcc55ec9d0,0,24,29,Control,458752,,,,,,,,,,
160,00007ffc c55ebdf0,"      SHF.R.U32.HI R9, RZ, 0x1, R9",0,24,38,Integer,458752,32,,,,,,,,,
161,00007ffc c55ebe00,"      IADD3 R28, P0, P1, R14, R12, R9",0,25,61,Integer,458752,32,,,,,,,,,
162,00007ffc c55ebe10,"      IADD3.X R29, PT, PT, R6, R13, RZ, P0, P1",0,26,39,Integer,458752,32,,,,,,,,,
163,00007ffc c55ebe20,"      LDG.E.U8.CONSTANT R28, desc[UR12][R28.64]",0,26,24,Load/Store,458752,32,Global,Load,8,,3211264,,,,
164,00007ffc c55ebe30,"      SHF.R.U32.HI R27, RZ, 0x4, R28",0,26,129,Integer,458752,32,,,,,,,,,
165,00007ffc c55ebe40,"      IADD3 R28, P0, P1, R20, R10, R9",0,26,15,Integer,458752,32,,,,,,,,,
166,00007ffc c55ebe50,"      F2FP.F16.E2M1.UNPACK_B R9, R27",0,26,11,Other,458752,32,,,,,,,,,
167,00007ffc c55ebe60,"      IADD3.X R29, PT, PT, R26, R11, RZ, P0, P1",0,26,10,Integer,458752,32,,,,,,,,,
168,00007ffc c55ebe70,"      LDG.E.U8.CONSTANT R27, desc[UR12][R28.64]",0,27,31,Load/Store,458752,32,Global,Load,8,,3211264,,,,
169,00007ffc c55ebe80,"      HADD2.F32 R9, -RZ, R9.H0_H0",0,25,4,Floating Point,458752,32,,,,,,,,,
170,00007ffc c55ebe90,"      FMUL.FTZ R9, R2, R9",0,25,26,Floating Point,458752,32,,,,,,,,,
171,00007ffc c55ebea0,"      SHF.R.U32.HI R27, RZ, 0x4, R27",0,25,139,Integer,458752,32,,,,,,,,,
172,00007ffc c55ebeb0,"      F2FP.F16.E2M1.UNPACK_B R27, R27",0,25,43,Other,458752,32,,,,,,,,,
173,00007ffc c55ebec0,"      HADD2.F32 R27, -RZ, R27.H0_H0",0,25,14,Floating Point,458752,32,,,,,,,,,
174,00007ffc c55ebed0,"      FMUL.FTZ R27, R0, R27",0,25,24,Floating Point,458752,32,,,,,,,,,
175,00007ffc c55ebee0,"      FFMA.FTZ R7, R9, R27, R7",0,25,15,Floating Point,458752,32,,,,,,,,,
176,00007ffc c55ebef0,"      VIADD R9, R3, 0x6",0,24,7,Integer,458752,32,,,,,,,,,
177,00007ffc c55ebf00,"      ISETP.GE.AND P0, PT, R9, R4, PT",0,24,62,Integer,458752,32,,,,,,,,,
178,00007ffc c55ebf10,@P0   BRA 0x7ffcc55ec9d0,0,23,50,Control,458752,,,,,,,,,,
179,00007ffc c55ebf20,"      LDG.E.U8.CONSTANT R24, desc[UR12][R24.64+0x1]",0,23,23,Load/Store,458752,32,Global,Load,8,,3211264,,,,
180,00007ffc c55ebf30,"      LDG.E.U8.CONSTANT R22, desc[UR12][R22.64+0x1]",0,22,10,Load/Store,458752,32,Global,Load,8,,3211264,,,,
181,00007ffc c55ebf40,"      VIADD R29, R3, 0x7",0,22,2,Integer,458752,32,,,,,,,,,
182,00007ffc c55ebf50,"      ISETP.GE.AND P0, PT, R29, R4, PT",0,22,57,Integer,458752,32,,,,,,,,,
183,00007ffc c55ebf60,"      LOP3.LUT R9, R24, 0xf, RZ, 0xc0, !PT",0,23,87,Integer,458752,32,,,,,,,,,
184,00007ffc c55ebf70,"      LOP3.LUT R27, R22, 0xf, RZ, 0xc0, !PT",0,23,30,Integer,458752,32,,,,,,,,,
185,00007ffc c55ebf80,"      F2FP.F16.E2M1.UNPACK_B R9, R9",0,22,12,Other,458752,32,,,,,,,,,
186,00007ffc c55ebf90,"      F2FP.F16.E2M1.UNPACK_B R27, R27",0,22,8,Other,458752,32,,,,,,,,,
187,00007ffc c55ebfa0,"      HADD2.F32 R9, -RZ, R9.H0_H0",0,22,10,Floating Point,458752,32,,,,,,,,,
188,00007ffc c55ebfb0,"      HADD2.F32 R27, -RZ, R27.H0_H0",0,22,11,Floating Point,458752,32,,,,,,,,,
189,00007ffc c55ebfc0,"      FMUL.FTZ R28, R2, R9",0,23,15,Floating Point,458752,32,,,,,,,,,
190,00007ffc c55ebfd0,"      FMUL.FTZ R27, R0, R27",0,22,6,Floating Point,458752,32,,,,,,,,,
191,00007ffc c55ebfe0,"      FFMA.FTZ R7, R28, R27, R7",0,22,24,Floating Point,458752,32,,,,,,,,,
192,00007ffc c55ebff0,@P0   BRA 0x7ffcc55ec9d0,0,20,2,Control,458752,,,,,,,,,,
193,00007ffc c55ec000,"      SHF.R.U32.HI R23, RZ, 0x1, R29",0,21,33,Integer,458752,32,,,,,,,,,
194,00007ffc c55ec010,"      IADD3 R24, P0, P1, R14, R12, R23",0,21,52,Integer,458752,32,,,,,,,,,
195,00007ffc c55ec020,"      IADD3 R22, P2, P3, R20, R10, R23",0,22,4,Integer,458752,32,,,,,,,,,
196,00007ffc c55ec030,"      IADD3.X R25, PT, PT, R6, R13, RZ, P0, P1",0,22,5,Integer,458752,32,,,,,,,,,
197,00007ffc c55ec040,"      IADD3.X R23, PT, PT, R26, R11, RZ, P2, P3",0,23,13,Integer,458752,32,,,,,,,,,
198,00007ffc c55ec050,"      LDG.E.U8.CONSTANT R24, desc[UR12][R24.64]",0,23,15,Load/Store,458752,32,Global,Load,8,,3211264,,,,
199,00007ffc c55ec060,"      LDG.E.U8.CONSTANT R22, desc[UR12][R22.64]",0,22,18,Load/Store,458752,32,Global,Load,8,,3211264,,,,
200,00007ffc c55ec070,"      VIADD R29, R3, 0x8",0,22,3,Integer,458752,32,,,,,,,,,
201,00007ffc c55ec080,"      ISETP.GE.AND P0, PT, R29, R4, PT",0,22,54,Integer,458752,32,,,,,,,,,
202,00007ffc c55ec090,"      SHF.R.U32.HI R9, RZ, 0x4, R24",0,23,87,Integer,458752,32,,,,,,,,,
203,00007ffc c55ec0a0,"      SHF.R.U32.HI R27, RZ, 0x4, R22",0,23,19,Integer,458752,32,,,,,,,,,
204,00007ffc c55ec0b0,"      F2FP.F16.E2M1.UNPACK_B R9, R9",0,22,16,Other,458752,32,,,,,,,,,
205,00007ffc c55ec0c0,"      F2FP.F16.E2M1.UNPACK_B R27, R27",0,22,11,Other,458752,32,,,,,,,,,
206,00007ffc c55ec0d0,"      HADD2.F32 R9, -RZ, R9.H0_H0",0,22,18,Floating Point,458752,32,,,,,,,,,
207,00007ffc c55ec0e0,"      HADD2.F32 R27, -RZ, R27.H0_H0",0,22,8,Floating Point,458752,32,,,,,,,,,
208,00007ffc c55ec0f0,"      FMUL.FTZ R28, R2, R9",0,23,19,Floating Point,458752,32,,,,,,,,,
209,00007ffc c55ec100,"      FMUL.FTZ R27, R0, R27",0,22,10,Floating Point,458752,32,,,,,,,,,
210,00007ffc c55ec110,"      FFMA.FTZ R7, R28, R27, R7",0,22,27,Floating Point,458752,32,,,,,,,,,
211,00007ffc c55ec120,@P0   BRA 0x7ffcc55ec9d0,0,20,6,Control,458752,,,,,,,,,,
212,00007ffc c55ec130,"      SHF.R.U32.HI R25, RZ, 0x1, R29",0,21,26,Integer,458752,32,,,,,,,,,
213,00007ffc c55ec140,"      IADD3 R22, P0, P1, R14, R12, R25",0,21,47,Integer,458752,32,,,,,,,,,
214,00007ffc c55ec150,"      IADD3.X R23, PT, PT, R6, R13, RZ, P0, P1",0,22,51,Integer,458752,32,,,,,,,,,
215,00007ffc c55ec160,"      IADD3 R24, P0, P1, R20, R10, R25",0,23,14,Integer,458752,32,,,,,,,,,
216,00007ffc c55ec170,"      LDG.E.U8.CONSTANT R9, desc[UR12][R22.64]",0,23,13,Load/Store,458752,32,Global,Load,8,,3211264,,,,
217,00007ffc c55ec180,"      IADD3.X R25, PT, PT, R26, R11, RZ, P0, P1",0,24,2,Integer,458752,32,,,,,,,,,
218,00007ffc c55ec190,"      LDG.E.U8.CONSTANT R27, desc[UR12][R24.64]",0,25,21,Load/Store,458752,32,Global,Load,8,,3211264,,,,
219,00007ffc c55ec1a0,"      LOP3.LUT R9, R9, 0xf, RZ, 0xc0, !PT",0,25,164,Integer,458752,32,,,,,,,,,
220,00007ffc c55ec1b0,"      F2FP.F16.E2M1.UNPACK_B R9, R9",0,25,46,Other,458752,32,,,,,,,,,
221,00007ffc c55ec1c0,"      HADD2.F32 R9, -RZ, R9.H0_H0",0,25,19,Floating Point,458752,32,,,,,,,,,
222,00007ffc c55ec1d0,"      LOP3.LUT R27, R27, 0xf, RZ, 0xc0, !PT",0,25,4,Integer,458752,32,,,,,,,,,
223,00007ffc c55ec1e0,"      FMUL.FTZ R28, R2, R9",0,26,21,Floating Point,458752,32,,,,,,,,,
224,00007ffc c55ec1f0,"      VIADD R9, R3, 0x9",0,26,2,Integer,458752,32,,,,,,,,,
225,00007ffc c55ec200,"      F2FP.F16.E2M1.UNPACK_B R27, R27",0,26,8,Other,458752,32,,,,,,,,,
226,00007ffc c55ec210,"      ISETP.GE.AND P0, PT, R9, R4, PT",0,26,71,Integer,458752,32,,,,,,,,,
227,00007ffc c55ec220,"      HADD2.F32 R27, -RZ, R27.H0_H0",0,26,5,Floating Point,458752,32,,,,,,,,,
228,00007ffc c55ec230,"      FMUL.FTZ R27, R0, R27",0,26,34,Floating Point,458752,32,,,,,,,,,
229,00007ffc c55ec240,"      FFMA.FTZ R7, R28, R27, R7",0,26,19,Floating Point,458752,32,,,,,,,,,
230,00007ffc c55ec250,@P0   BRA 0x7ffcc55ec9d0,0,24,15,Control,458752,,,,,,,,,,
231,00007ffc c55ec260,"      SHF.R.U32.HI R9, RZ, 0x1, R9",0,24,27,Integer,458752,32,,,,,,,,,
232,00007ffc c55ec270,"      IADD3 R28, P0, P1, R14, R12, R9",0,25,53,Integer,458752,32,,,,,,,,,
233,00007ffc c55ec280,"      IADD3.X R29, PT, PT, R6, R13, RZ, P0, P1",0,26,48,Integer,458752,32,,,,,,,,,
234,00007ffc c55ec290,"      LDG.E.U8.CONSTANT R28, desc[UR12][R28.64]",0,26,26,Load/Store,458752,32,Global,Load,8,,3211264,,,,
235,00007ffc c55ec2a0,"      SHF.R.U32.HI R27, RZ, 0x4, R28",0,26,171,Integer,458752,32,,,,,,,,,
236,00007ffc c55ec2b0,"      IADD3 R28, P0, P1, R20, R10, R9",0,26,7,Integer,458752,32,,,,,,,,,
237,00007ffc c55ec2c0,"      F2FP.F16.E2M1.UNPACK_B R9, R27",0,26,15,Other,458752,32,,,,,,,,,
238,00007ffc c55ec2d0,"      IADD3.X R29, PT, PT, R26, R11, RZ, P0, P1",0,26,7,Integer,458752,32,,,,,,,,,
239,00007ffc c55ec2e0,"      LDG.E.U8.CONSTANT R27, desc[UR12][R28.64]",0,27,16,Load/Store,458752,32,Global,Load,8,,3211264,,,,
240,00007ffc c55ec2f0,"      HADD2.F32 R9, -RZ, R9.H0_H0",0,25,8,Floating Point,458752,32,,,,,,,,,
241,00007ffc c55ec300,"      FMUL.FTZ R9, R2, R9",0,25,32,Floating Point,458752,32,,,,,,,,,
242,00007ffc c55ec310,"      SHF.R.U32.HI R27, RZ, 0x4, R27",0,25,144,Integer,458752,32,,,,,,,,,
243,00007ffc c55ec320,"      F2FP.F16.E2M1.UNPACK_B R27, R27",0,25,38,Other,458752,32,,,,,,,,,
244,00007ffc c55ec330,"      HADD2.F32 R27, -RZ, R27.H0_H0",0,25,25,Floating Point,458752,32,,,,,,,,,
245,00007ffc c55ec340,"      FMUL.FTZ R27, R0, R27",0,25,25,Floating Point,458752,32,,,,,,,,,
246,00007ffc c55ec350,"      FFMA.FTZ R7, R9, R27, R7",0,25,21,Floating Point,458752,32,,,,,,,,,
247,00007ffc c55ec360,"      VIADD R9, R3, 0xa",0,24,2,Integer,458752,32,,,,,,,,,
248,00007ffc c55ec370,"      ISETP.GE.AND P0, PT, R9, R4, PT",0,24,70,Integer,458752,32,,,,,,,,,
249,00007ffc c55ec380,@P0   BRA 0x7ffcc55ec9d0,0,23,63,Control,458752,,,,,,,,,,
250,00007ffc c55ec390,"      LDG.E.U8.CONSTANT R22, desc[UR12][R22.64+0x1]",0,23,16,Load/Store,458752,32,Global,Load,8,,3211264,,,,
251,00007ffc c55ec3a0,"      LDG.E.U8.CONSTANT R24, desc[UR12][R24.64+0x1]",0,22,25,Load/Store,458752,32,Global,Load,8,,3211264,,,,
252,00007ffc c55ec3b0,"      VIADD R29, R3, 0xb",0,22,6,Integer,458752,32,,,,,,,,,
253,00007ffc c55ec3c0,"      ISETP.GE.AND P0, PT, R29, R4, PT",0,22,65,Integer,458752,32,,,,,,,,,
254,00007ffc c55ec3d0,"      LOP3.LUT R9, R22, 0xf, RZ, 0xc0, !PT",0,23,94,Integer,458752,32,,,,,,,,,
255,00007ffc c55ec3e0,"      LOP3.LUT R27, R24, 0xf, RZ, 0xc0, !PT",0,23,33,Integer,458752,32,,,,,,,,,
256,00007ffc c55ec3f0,"      F2FP.F16.E2M1.UNPACK_B R9, R9",0,22,8,Other,458752,32,,,,,,,,,
257,00007ffc c55ec400,"      F2FP.F16.E2M1.UNPACK_B R27, R27",0,22,16,Other,458752,32,,,,,,,,,
258,00007ffc c55ec410,"      HADD2.F32 R9, -RZ, R9.H0_H0",0,22,17,Floating Point,458752,32,,,,,,,,,
259,00007ffc c55ec420,"      HADD2.F32 R27, -RZ, R27.H0_H0",0,22,9,Floating Point,458752,32,,,,,,,,,
260,00007ffc c55ec430,"      FMUL.FTZ R28, R2, R9",0,23,16,Floating Point,458752,32,,,,,,,,,
261,00007ffc c55ec440,"      FMUL.FTZ R27, R0, R27",0,22,12,Floating Point,458752,32,,,,,,,,,
262,00007ffc c55ec450,"      FFMA.FTZ R7, R28, R27, R7",0,22,20,Floating Point,458752,32,,,,,,,,,
263,00007ffc c55ec460,@P0   BRA 0x7ffcc55ec9d0,0,20,4,Control,458752,,,,,,,,,,
264,00007ffc c55ec470,"      SHF.R.U32.HI R23, RZ, 0x1, R29",0,21,35,Integer,458752,32,,,,,,,,,
265,00007ffc c55ec480,"      IADD3 R24, P0, P1, R14, R12, R23",0,21,62,Integer,458752,32,,,,,,,,,
266,00007ffc c55ec490,"      IADD3 R22, P2, P3, R20, R10, R23",0,22,9,Integer,458752,32,,,,,,,,,
267,00007ffc c55ec4a0,"      IADD3.X R25, PT, PT, R6, R13, RZ, P0, P1",0,22,12,Integer,458752,32,,,,,,,,,
268,00007ffc c55ec4b0,"      IADD3.X R23, PT, PT, R26, R11, RZ, P2, P3",0,23,12,Integer,458752,32,,,,,,,,,
269,00007ffc c55ec4c0,"      LDG.E.U8.CONSTANT R24, desc[UR12][R24.64]",0,23,19,Load/Store,458752,32,Global,Load,8,,3211264,,,,
270,00007ffc c55ec4d0,"      LDG.E.U8.CONSTANT R22, desc[UR12][R22.64]",0,22,20,Load/Store,458752,32,Global,Load,8,,3211264,,,,
271,00007ffc c55ec4e0,"      VIADD R29, R3, 0xc",0,22,4,Integer,458752,32,,,,,,,,,
272,00007ffc c55ec4f0,"      ISETP.GE.AND P0, PT, R29, R4, PT",0,22,61,Integer,458752,32,,,,,,,,,
273,00007ffc c55ec500,"      SHF.R.U32.HI R9, RZ, 0x4, R24",0,23,82,Integer,458752,32,,,,,,,,,
274,00007ffc c55ec510,"      SHF.R.U32.HI R27, RZ, 0x4, R22",0,23,28,Integer,458752,32,,,,,,,,,
275,00007ffc c55ec520,"      F2FP.F16.E2M1.UNPACK_B R9, R9",0,22,9,Other,458752,32,,,,,,,,,
276,00007ffc c55ec530,"      F2FP.F16.E2M1.UNPACK_B R27, R27",0,22,9,Other,458752,32,,,,,,,,,
277,00007ffc c55ec540,"      HADD2.F32 R9, -RZ, R9.H0_H0",0,22,13,Floating Point,458752,32,,,,,,,,,
278,00007ffc c55ec550,"      HADD2.F32 R27, -RZ, R27.H0_H0",0,22,8,Floating Point,458752,32,,,,,,,,,
279,00007ffc c55ec560,"      FMUL.FTZ R28, R2, R9",0,23,19,Floating Point,458752,32,,,,,,,,,
280,00007ffc c55ec570,"      FMUL.FTZ R27, R0, R27",0,22,8,Floating Point,458752,32,,,,,,,,,
281,00007ffc c55ec580,"      FFMA.FTZ R7, R28, R27, R7",0,22,22,Floating Point,458752,32,,,,,,,,,
282,00007ffc c55ec590,@P0   BRA 0x7ffcc55ec9d0,0,20,1,Control,458752,,,,,,,,,,
283,00007ffc c55ec5a0,"      SHF.R.U32.HI R25, RZ, 0x1, R29",0,21,34,Integer,458752,32,,,,,,,,,
284,00007ffc c55ec5b0,"      IADD3 R22, P0, P1, R14, R12, R25",0,21,58,Integer,458752,32,,,,,,,,,
285,00007ffc c55ec5c0,"      IADD3.X R23, PT, PT, R6, R13, RZ, P0, P1",0,22,43,Integer,458752,32,,,,,,,,,
286,00007ffc c55ec5d0,"      IADD3 R24, P0, P1, R20, R10, R25",0,23,6,Integer,458752,32,,,,,,,,,
287,00007ffc c55ec5e0,"      LDG.E.U8.CONSTANT R9, desc[UR12][R22.64]",0,23,13,Load/Store,458752,32,Global,Load,8,,3211264,,,,
288,00007ffc c55ec5f0,"      IADD3.X R25, PT, PT, R26, R11, RZ, P0, P1",0,24,5,Integer,458752,32,,,,,,,,,
289,00007ffc c55ec600,"      LDG.E.U8.CONSTANT R27, desc[UR12][R24.64]",0,25,24,Load/Store,458752,32,Global,Load,8,,3211264,,,,
290,00007ffc c55ec610,"      LOP3.LUT R9, R9, 0xf, RZ, 0xc0, !PT",0,25,164,Integer,458752,32,,,,,,,,,
291,00007ffc c55ec620,"      F2FP.F16.E2M1.UNPACK_B R9, R9",0,25,38,Other,458752,32,,,,,,,,,
292,00007ffc c55ec630,"      HADD2.F32 R9, -RZ, R9.H0_H0",0,25,28,Floating Point,458752,32,,,,,,,,,
293,00007ffc c55ec640,"      LOP3.LUT R27, R27, 0xf, RZ, 0xc0, !PT",0,25,7,Integer,458752,32,,,,,,,,,
294,00007ffc c55ec650,"      FMUL.FTZ R28, R2, R9",0,26,16,Floating Point,458752,32,,,,,,,,,
295,00007ffc c55ec660,"      VIADD R9, R3, 0xd",0,26,5,Integer,458752,32,,,,,,,,,
296,00007ffc c55ec670,"      F2FP.F16.E2M1.UNPACK_B R27, R27",0,26,7,Other,458752,32,,,,,,,,,
297,00007ffc c55ec680,"      ISETP.GE.AND P0, PT, R9, R4, PT",0,26,65,Integer,458752,32,,,,,,,,,
298,00007ffc c55ec690,"      HADD2.F32 R27, -RZ, R27.H0_H0",0,26,5,Floating Point,458752,32,,,,,,,,,
299,00007ffc c55ec6a0,"      FMUL.FTZ R27, R0, R27",0,26,20,Floating Point,458752,32,,,,,,,,,
300,00007ffc c55ec6b0,"      FFMA.FTZ R7, R28, R27, R7",0,26,27,Floating Point,458752,32,,,,,,,,,
301,00007ffc c55ec6c0,@P0   BRA 0x7ffcc55ec9d0,0,24,21,Control,458752,,,,,,,,,,
302,00007ffc c55ec6d0,"      SHF.R.U32.HI R9, RZ, 0x1, R9",0,24,21,Integer,458752,32,,,,,,,,,
303,00007ffc c55ec6e0,"      IADD3 R28, P0, P1, R14, R12, R9",0,25,68,Integer,458752,32,,,,,,,,,
304,00007ffc c55ec6f0,"      IADD3.X R29, PT, PT, R6, R13, RZ, P0, P1",0,26,36,Integer,458752,32,,,,,,,,,
305,00007ffc c55ec700,"      LDG.E.U8.CONSTANT R28, desc[UR12][R28.64]",0,26,23,Load/Store,458752,32,Global,Load,8,,3211264,,,,
306,00007ffc c55ec710,"      SHF.R.U32.HI R27, RZ, 0x4, R28",0,26,182,Integer,458752,32,,,,,,,,,
307,00007ffc c55ec720,"      IADD3 R28, P0, P1, R20, R10, R9",0,26,11,Integer,458752,32,,,,,,,,,
308,00007ffc c55ec730,"      F2FP.F16.E2M1.UNPACK_B R9, R27",0,26,9,Other,458752,32,,,,,,,,,
309,00007ffc c55ec740,"      IADD3.X R29, PT, PT, R26, R11, RZ, P0, P1",0,26,11,Integer,458752,32,,,,,,,,,
310,00007ffc c55ec750,"      LDG.E.U8.CONSTANT R27, desc[UR12][R28.64]",0,27,23,Load/Store,458752,32,Global,Load,8,,3211264,,,,
311,00007ffc c55ec760,"      HADD2.F32 R9, -RZ, R9.H0_H0",0,25,4,Floating Point,458752,32,,,,,,,,,
312,00007ffc c55ec770,"      FMUL.FTZ R9, R2, R9",0,25,29,Floating Point,458752,32,,,,,,,,,
313,00007ffc c55ec780,"      SHF.R.U32.HI R27, RZ, 0x4, R27",0,25,147,Integer,458752,32,,,,,,,,,
314,00007ffc c55ec790,"      F2FP.F16.E2M1.UNPACK_B R27, R27",0,25,46,Other,458752,32,,,,,,,,,
315,00007ffc c55ec7a0,"      HADD2.F32 R27, -RZ, R27.H0_H0",0,25,19,Floating Point,458752,32,,,,,,,,,
316,00007ffc c55ec7b0,"      FMUL.FTZ R27, R0, R27",0,25,30,Floating Point,458752,32,,,,,,,,,
317,00007ffc c55ec7c0,"      FFMA.FTZ R7, R9, R27, R7",0,25,15,Floating Point,458752,32,,,,,,,,,
318,00007ffc c55ec7d0,"      VIADD R9, R3, 0xe",0,24,3,Integer,458752,32,,,,,,,,,
319,00007ffc c55ec7e0,"      ISETP.GE.AND P0, PT, R9, R4, PT",0,24,66,Integer,458752,32,,,,,,,,,
320,00007ffc c55ec7f0,@P0   BRA 0x7ffcc55ec9d0,0,23,58,Control,458752,,,,,,,,,,
321,00007ffc c55ec800,"      VIADD R3, R3, 0xf",0,23,24,Integer,458752,32,,,,,,,,,
322,00007ffc c55ec810,"      LDG.E.U8.CONSTANT R22, desc[UR12][R22.64+0x1]",0,23,2,Load/Store,458752,32,Global,Load,8,,3211264,,,,
323,00007ffc c55ec820,"      ISETP.GE.AND P0, PT, R3, R4, PT",0,23,22,Integer,458752,32,,,,,,,,,
324,00007ffc c55ec830,"      LDG.E.U8.CONSTANT R24, desc[UR12][R24.64+0x1]",0,22,4,Load/Store,458752,32,Global,Load,8,,3211264,,,,
325,00007ffc c55ec840,"@!P0  SHF.R.U32.HI R3, RZ, 0x1, R3",0,21,86,Integer,458752,32,,,,,,,,,
326,00007ffc c55ec850,"@!P0  IADD3 R12, P1, P2, R14, R12, R3",0,21,40,Integer,458752,32,,,,,,,,,
327,00007ffc c55ec860,"@!P0  IADD3 R10, P3, P4, R20, R10, R3",0,21,11,Integer,458752,32,,,,,,,,,
328,00007ffc c55ec870,"@!P0  IADD3.X R13, PT, PT, R6, R13, RZ, P1, P2",0,20,11,Integer,458752,32,,,,,,,,,
329,00007ffc c55ec880,"@!P0  IADD3.X R11, PT, PT, R26, R11, RZ, P3, P4",0,20,12,Integer,458752,32,,,,,,,,,
330,00007ffc c55ec890,"@!P0  LDG.E.U8.CONSTANT R12, desc[UR12][R12.64]",0,20,12,Load/Store,458752,32,Global,Load,8,,3211264,,,,
331,00007ffc c55ec8a0,"@!P0  LDG.E.U8.CONSTANT R10, desc[UR12][R10.64]",0,19,21,Load/Store,458752,32,Global,Load,8,,3211264,,,,
332,00007ffc c55ec8b0,"      LOP3.LUT R3, R22, 0xf, RZ, 0xc0, !PT",0,19,7,Integer,458752,32,,,,,,,,,
333,00007ffc c55ec8c0,"      LOP3.LUT R4, R24, 0xf, RZ, 0xc0, !PT",0,20,18,Integer,458752,32,,,,,,,,,
334,00007ffc c55ec8d0,"      F2FP.F16.E2M1.UNPACK_B R3, R3",0,19,10,Other,458752,32,,,,,,,,,
335,00007ffc c55ec8e0,"      F2FP.F16.E2M1.UNPACK_B R4, R4",0,19,6,Other,458752,32,,,,,,,,,
336,00007ffc c55ec8f0,"      HADD2.F32 R3, -RZ, R3.H0_H0",0,19,22,Floating Point,458752,32,,,,,,,,,
337,00007ffc c55ec900,"      HADD2.F32 R9, -RZ, R4.H0_H0",0,20,8,Floating Point,458752,32,,,,,,,,,
338,00007ffc c55ec910,"      FMUL.FTZ R4, R2, R3",0,20,27,Floating Point,458752,32,,,,,,,,,
339,00007ffc c55ec920,"      FMUL.FTZ R9, R0, R9",0,20,9,Floating Point,458752,32,,,,,,,,,
340,00007ffc c55ec930,"@!P0  SHF.R.U32.HI R22, RZ, 0x4, R12",0,20,76,Integer,458752,32,,,,,,,,,
341,00007ffc c55ec940,"@!P0  SHF.R.U32.HI R23, RZ, 0x4, R10",0,19,26,Integer,458752,32,,,,,,,,,
342,00007ffc c55ec950,"@!P0  F2FP.F16.E2M1.UNPACK_B R22, R22",0,18,10,Other,458752,32,,,,,,,,,
343,00007ffc c55ec960,"@!P0  F2FP.F16.E2M1.UNPACK_B R23, R23",0,18,12,Other,458752,32,,,,,,,,,
344,00007ffc c55ec970,"@!P0  HADD2.F32 R3, -RZ, R22.H0_H0",0,18,14,Floating Point,458752,32,,,,,,,,,
345,00007ffc c55ec980,"@!P0  HADD2.F32 R23, -RZ, R23.H0_H0",0,17,6,Floating Point,458752,32,,,,,,,,,
346,00007ffc c55ec990,"      FFMA.FTZ R7, R4, R9, R7",0,17,13,Floating Point,458752,32,,,,,,,,,
347,00007ffc c55ec9a0,"@!P0  FMUL.FTZ R3, R2, R3",0,15,5,Floating Point,458752,32,,,,,,,,,
348,00007ffc c55ec9b0,"@!P0  FMUL.FTZ R0, R0, R23",0,15,13,Floating Point,458752,32,,,,,,,,,
349,00007ffc c55ec9c0,"@!P0  FFMA.FTZ R7, R3, R0, R7",0,14,29,Floating Point,458752,32,,,,,,,,,
350,00007ffc c55ec9d0,      BSYNC.RECONVERGENT B1,0,13,42,Control,458752,32,,,,,,,,,
351,00007ffc c55ec9e0,"      VIADD R8, R8, 0x20",0,13,77,Integer,458752,32,,,,,,,,,
352,00007ffc c55ec9f0,"      ISETP.GE.AND P0, PT, R8, UR4, PT",0,13,29,Integer,458752,32,,,,,,,,,
353,00007ffc c55eca00,@!P0  BRA 0x7ffcc55eb6f0,0,13,59,Control,458752,29,,,,,,,,,
354,00007ffc c55eca10,      BSYNC.RECONVERGENT B0,0,5,24,Control,32768,32,,,,,,,,,
355,00007ffc c55eca20,"      S2R R4, SR_TID.X",0,6,3,Miscellaneous,32768,32,,,,,,,,,
356,00007ffc c55eca30,"      S2UR UR7, SR_CgaCtaId",0,6,,Uniform Datapath,32768,32,,,,,,,,,
357,00007ffc c55eca40,"      UMOV UR6, 0x400",0,6,,Uniform Datapath,32768,32,,,,,,,,,
358,00007ffc c55eca50,"      ULEA UR6, UR7, UR6, 0x18",0,6,14,Uniform Datapath,32768,32,,,,,,,,,
359,00007ffc c55eca60,"      LEA R0, R4, UR6, 0x2",0,7,4,Integer,32768,32,,,,,,,,,
360,00007ffc c55eca70,"      ISETP.GT.U32.AND P0, PT, R4, 0xf, PT",0,7,,Integer,32768,32,,,,,,,,,
361,00007ffc c55eca80,"      ISETP.GT.U32.AND P1, PT, R4, 0x7, PT",0,7,2,Integer,32768,32,,,,,,,,,
362,00007ffc c55eca90,"      STS [R0], R7",0,7,1,Load/Store,32768,32,Shared,Store,32,,,,,,
363,00007ffc c55ecaa0,      BAR.SYNC.DEFER_BLOCKING 0x0,0,7,1,Miscellaneous,32768,32,,,,,,,,,
364,00007ffc c55ecab0,"@!P0  LDS R2, [R0+0x40]",0,7,5,Load/Store,32768,16,Shared,Load,32,,,,,,
365,00007ffc c55ecac0,"@!P0  LDS R3, [R0]",0,7,,Load/Store,32768,16,Shared,Load,32,,,,,,
366,00007ffc c55ecad0,"@!P0  FADD.FTZ R3, R2, R3",0,7,9,Floating Point,32768,16,,,,,,,,,
367,00007ffc c55ecae0,"@!P0  STS [R0], R3",0,7,2,Load/Store,32768,16,Shared,Store,32,,,,,,
368,00007ffc c55ecaf0,      BAR.SYNC.DEFER_BLOCKING 0x0,0,7,,Miscellaneous,32768,32,,,,,,,,,
369,00007ffc c55ecb00,"      ISETP.GT.U32.AND P0, PT, R4, 0x3, PT",0,7,,Integer,32768,32,,,,,,,,,
370,00007ffc c55ecb10,"@!P1  LDS R2, [R0+0x20]",0,7,8,Load/Store,32768,8,Shared,Load,32,,,,,,
371,00007ffc c55ecb20,"@!P1  LDS R5, [R0]",0,7,1,Load/Store,32768,8,Shared,Load,32,,,,,,
372,00007ffc c55ecb30,"@!P1  FADD.FTZ R5, R2, R5",0,7,19,Floating Point,32768,8,,,,,,,,,
373,00007ffc c55ecb40,"@!P1  STS [R0], R5",0,7,,Load/Store,32768,8,Shared,Store,32,,,,,,
374,00007ffc c55ecb50,      BAR.SYNC.DEFER_BLOCKING 0x0,0,7,2,Miscellaneous,32768,32,,,,,,,,,
375,00007ffc c55ecb60,"      ISETP.GT.U32.AND P1, PT, R4, 0x1, PT",0,7,,Integer,32768,32,,,,,,,,,
376,00007ffc c55ecb70,"@!P0  LDS R2, [R0+0x10]",0,7,9,Load/Store,32768,4,Shared,Load,32,,,,,,
377,00007ffc c55ecb80,"@!P0  LDS R7, [R0]",0,7,3,Load/Store,32768,4,Shared,Load,32,,,,,,
378,00007ffc c55ecb90,"@!P0  FADD.FTZ R7, R2, R7",0,7,9,Floating Point,32768,4,,,,,,,,,
379,00007ffc c55ecba0,"@!P0  STS [R0], R7",0,7,4,Load/Store,32768,4,Shared,Store,32,,,,,,
380,00007ffc c55ecbb0,      BAR.SYNC.DEFER_BLOCKING 0x0,0,6,1,Miscellaneous,32768,32,,,,,,,,,
381,00007ffc c55ecbc0,"      ISETP.NE.AND P0, PT, R4, RZ, PT",0,6,,Integer,32768,32,,,,,,,,,
382,00007ffc c55ecbd0,"@!P1  LDS R2, [R0+0x8]",0,5,9,Load/Store,32768,2,Shared,Load,32,,,,,,
383,00007ffc c55ecbe0,"@!P1  LDS R3, [R0]",0,5,4,Load/Store,32768,2,Shared,Load,32,,,,,,
384,00007ffc c55ecbf0,"@!P1  FADD.FTZ R3, R2, R3",0,5,12,Floating Point,32768,2,,,,,,,,,
385,00007ffc c55ecc00,"@!P1  STS [R0], R3",0,5,,Load/Store,32768,2,Shared,Store,32,,,,,,
386,00007ffc c55ecc10,      BAR.SYNC.DEFER_BLOCKING 0x0,0,4,,Miscellaneous,32768,32,,,,,,,,,
387,00007ffc c55ecc20,"@!P0  LDS R2, [UR6+0x4]",0,4,8,Load/Store,32768,1,Shared,Load,32,,,,,,
388,00007ffc c55ecc30,"@!P0  LDS R5, [R0]",0,4,2,Load/Store,32768,1,Shared,Load,32,,,,,,
389,00007ffc c55ecc40,"@!P0  FADD.FTZ R5, R2, R5",0,4,9,Floating Point,32768,1,,,,,,,,,
390,00007ffc c55ecc50,"@!P0  STS [R0], R5",0,3,2,Load/Store,32768,1,Shared,Store,32,,,,,,
391,00007ffc c55ecc60,      BAR.SYNC.DEFER_BLOCKING 0x0,0,1,,Miscellaneous,32768,32,,,,,,,,,
392,00007ffc c55ecc70,@P0   EXIT,0,1,8,Control,32768,31,,,,,,,,,
393,00007ffc c55ecc80,"      LDS R0, [UR6]",0,2,4,Load/Store,32768,1,Shared,Load,32,,,,,,
394,00007ffc c55ecc90,"      LDCU UR7, c[0x0][0x3a8]",0,2,,Uniform Datapath,32768,1,,,,,,,,,
395,00007ffc c55ecca0,"      LDCU.64 UR10, c[0x0][0x3a0]",0,2,1,Uniform Datapath,32768,1,,,,,,,,,
396,00007ffc c55eccb0,"      UMOV UR4, UR8",0,2,1,Uniform Datapath,32768,1,,,,,,,,,
397,00007ffc c55eccc0,"      UMOV UR5, URZ",0,2,1,Uniform Datapath,32768,1,,,,,,,,,
398,00007ffc c55eccd0,"      UIMAD.WIDE.U32 UR4, UR9, UR7, UR4",0,2,7,Uniform Datapath,32768,1,,,,,,,,,
399,00007ffc c55ecce0,"      ULEA UR7, UP0, UR4, UR10, 0x1",0,2,3,Uniform Datapath,32768,1,,,,,,,,,
400,00007ffc c55eccf0,"      ULEA.HI.X UR4, UR4, UR11, UR5, 0x1, UP0",0,2,3,Uniform Datapath,32768,1,,,,,,,,,
401,00007ffc c55ecd00,"      IMAD.U32 R2, RZ, RZ, UR7",0,3,,Integer,32768,1,,,,,,,,,
402,00007ffc c55ecd10,"      IMAD.U32 R3, RZ, RZ, UR4",0,4,3,Integer,32768,1,,,,,,,,,
403,00007ffc c55ecd20,"      F2FP.F16.F32.PACK_AB R0, RZ, R0",0,4,,Other,32768,1,,,,,,,,,
404,00007ffc c55ecd30,"      STG.E.U16 desc[UR12][R2.64], R0",0,4,8,Load/Store,32768,1,Global,Store,16,,,,,,
405,00007ffc c55ecd40,      EXIT,0,1,3,Control,32768,1,,,,,,,,,
406,00007ffc c55ecd50,      BRA 0x7ffcc55ecd50,0,1,18,Control,,,,,,,,,,,
407,00007ffc c55ecd60,      NOP,0,,,Miscellaneous,,,,,,,,,,,
408,00007ffc c55ecd70,      NOP,0,,,Miscellaneous,,,,,,,,,,,
409,00007ffc c55ecd80,      NOP,0,,,Miscellaneous,,,,,,,,,,,
410,00007ffc c55ecd90,      NOP,0,,,Miscellaneous,,,,,,,,,,,
411,00007ffc c55ecda0,      NOP,0,,,Miscellaneous,,,,,,,,,,,
412,00007ffc c55ecdb0,      NOP,0,,,Miscellaneous,,,,,,,,,,,
413,00007ffc c55ecdc0,      NOP,0,,,Miscellaneous,,,,,,,,,,,
414,00007ffc c55ecdd0,      NOP,0,,,Miscellaneous,,,,,,,,,,,
415,00007ffc c55ecde0,      NOP,0,,,Miscellaneous,,,,,,,,,,,
416,00007ffc c55ecdf0,      NOP,0,,,Miscellaneous,,,,,,,,,,,
